{
	"info": {
		"_postman_id": "b6b76658-6079-482b-92a5-bf9a03f0d3aa",
		"name": "Lab 2 network",
		"description": "This is a list of REST api request that can help you to verify the usage of every routes.",
		"schema": "https://schema.getpostman.com/json/collection/v2.1.0/collection.json",
		"_exporter_id": "21918748"
	},
	"item": [
		{
			"name": "get all students",
			"request": {
				"method": "GET",
				"header": [],
				"url": {
					"raw": "http://localhost:8000/students",
					"protocol": "http",
					"host": [
						"localhost"
					],
					"port": "8000",
					"path": [
						"students"
					],
					"query": [
						{
							"key": "limit",
							"value": "1",
							"disabled": true
						},
						{
							"key": "sortBy",
							"value": "gpa",
							"disabled": true
						},
						{
							"key": "sortBy",
							"value": "id",
							"disabled": true
						}
					]
				}
			},
			"response": []
		},
		{
			"name": "get all students sort by gpa",
			"request": {
				"method": "GET",
				"header": [],
				"url": {
					"raw": "http://localhost:8000/students?sortBy=gpa",
					"protocol": "http",
					"host": [
						"localhost"
					],
					"port": "8000",
					"path": [
						"students"
					],
					"query": [
						{
							"key": "limit",
							"value": "1",
							"disabled": true
						},
						{
							"key": "sortBy",
							"value": "gpa"
						},
						{
							"key": "sortBy",
							"value": "id",
							"disabled": true
						}
					]
				}
			},
			"response": []
		},
		{
			"name": "get only 1 student",
			"request": {
				"method": "GET",
				"header": [],
				"url": {
					"raw": "http://localhost:8000/students?limit=1",
					"protocol": "http",
					"host": [
						"localhost"
					],
					"port": "8000",
					"path": [
						"students"
					],
					"query": [
						{
							"key": "limit",
							"value": "1"
						}
					]
				}
			},
			"response": []
		},
		{
			"name": "get 2 students sort by gpa",
			"request": {
				"method": "GET",
				"header": [],
				"url": {
					"raw": "http://localhost:8000/students?limit=2&sortBy=gpa",
					"protocol": "http",
					"host": [
						"localhost"
					],
					"port": "8000",
					"path": [
						"students"
					],
					"query": [
						{
							"key": "limit",
							"value": "2"
						},
						{
							"key": "sortBy",
							"value": "gpa"
						}
					]
				}
			},
			"response": []
		},
		{
			"name": "create student without providing request body",
			"request": {
				"method": "POST",
				"header": [],
				"url": {
					"raw": "http://localhost:8000/students",
					"protocol": "http",
					"host": [
						"localhost"
					],
					"port": "8000",
					"path": [
						"students"
					]
				}
			},
			"response": []
		},
		{
			"name": "create student by providing incomplete request body",
			"request": {
				"method": "POST",
				"header": [],
				"body": {
					"mode": "raw",
					"raw": "{\n    \"name\": \"Testing\"\n}",
					"options": {
						"raw": {
							"language": "json"
						}
					}
				},
				"url": {
					"raw": "http://localhost:8000/students",
					"protocol": "http",
					"host": [
						"localhost"
					],
					"port": "8000",
					"path": [
						"students"
					]
				}
			},
			"response": []
		},
		{
			"name": "create student by providing complete request body",
			"request": {
				"method": "POST",
				"header": [],
				"body": {
					"mode": "raw",
					"raw": "{\n    \"name\": \"Testing\",\n    \"id\": 1000987,\n    \"gpa\": 2.0\n}",
					"options": {
						"raw": {
							"language": "json"
						}
					}
				},
				"url": {
					"raw": "http://localhost:8000/students",
					"protocol": "http",
					"host": [
						"localhost"
					],
					"port": "8000",
					"path": [
						"students"
					]
				}
			},
			"response": []
		},
		{
			"name": "create student by providing existant student id",
			"request": {
				"method": "POST",
				"header": [],
				"body": {
					"mode": "raw",
					"raw": "{\n    \"name\": \"Testing\",\n    \"id\": 1006283,\n    \"gpa\": 2.0\n}",
					"options": {
						"raw": {
							"language": "json"
						}
					}
				},
				"url": {
					"raw": "http://localhost:8000/students",
					"protocol": "http",
					"host": [
						"localhost"
					],
					"port": "8000",
					"path": [
						"students"
					]
				}
			},
			"response": []
		},
		{
			"name": "get request to prove that we have successfully created a student",
			"request": {
				"method": "GET",
				"header": [],
				"url": {
					"raw": "http://localhost:8000/students",
					"protocol": "http",
					"host": [
						"localhost"
					],
					"port": "8000",
					"path": [
						"students"
					]
				}
			},
			"response": []
		},
		{
			"name": "delete a student without providing student id",
			"request": {
				"method": "DELETE",
				"header": [],
				"url": {
					"raw": "http://localhost:8000/students",
					"protocol": "http",
					"host": [
						"localhost"
					],
					"port": "8000",
					"path": [
						"students"
					]
				}
			},
			"response": []
		},
		{
			"name": "delete a student by providing a non existent student id",
			"request": {
				"method": "DELETE",
				"header": [],
				"url": {
					"raw": "http://localhost:8000/students?student_id=100124512451245124",
					"protocol": "http",
					"host": [
						"localhost"
					],
					"port": "8000",
					"path": [
						"students"
					],
					"query": [
						{
							"key": "student_id",
							"value": "100124512451245124"
						}
					]
				}
			},
			"response": []
		},
		{
			"name": "delete a student",
			"request": {
				"method": "DELETE",
				"header": [],
				"url": {
					"raw": "http://localhost:8000/students?student_id=1006283",
					"protocol": "http",
					"host": [
						"localhost"
					],
					"port": "8000",
					"path": [
						"students"
					],
					"query": [
						{
							"key": "student_id",
							"value": "1006283"
						}
					]
				}
			},
			"response": []
		},
		{
			"name": "verify that we have successfully delete a student",
			"request": {
				"method": "GET",
				"header": [],
				"url": {
					"raw": "http://localhost:8000/students",
					"protocol": "http",
					"host": [
						"localhost"
					],
					"port": "8000",
					"path": [
						"students"
					]
				}
			},
			"response": []
		},
		{
			"name": "request for image",
			"request": {
				"method": "GET",
				"header": [],
				"url": {
					"raw": "http://localhost:8000/image",
					"protocol": "http",
					"host": [
						"localhost"
					],
					"port": "8000",
					"path": [
						"image"
					]
				}
			},
			"response": []
		},
		{
			"name": "request for admin home page with invalid bearer token",
			"request": {
				"auth": {
					"type": "bearer",
					"bearer": [
						{
							"key": "token",
							"value": "asdfad",
							"type": "string"
						}
					]
				},
				"method": "GET",
				"header": [],
				"url": {
					"raw": "http://localhost:8000/admin/home",
					"protocol": "http",
					"host": [
						"localhost"
					],
					"port": "8000",
					"path": [
						"admin",
						"home"
					]
				}
			},
			"response": []
		},
		{
			"name": "request for admin home page with valid bearer token",
			"request": {
				"auth": {
					"type": "bearer",
					"bearer": [
						{
							"key": "token",
							"value": "Oo9mzIKFlWiP8JTblDFTc886ysXHexuHADVqU5RMcifjJpyXEOuxP0TIdgQOiVeJ",
							"type": "string"
						}
					]
				},
				"method": "GET",
				"header": [],
				"url": {
					"raw": "http://localhost:8000/admin/home",
					"protocol": "http",
					"host": [
						"localhost"
					],
					"port": "8000",
					"path": [
						"admin",
						"home"
					]
				}
			},
			"response": []
		}
	]
}